{"cameraMode":{"drawMode":0,"name":"Shaded","section":"Shading Mode"},"sceneLighting":false,"audioPlay":false,"sceneViewState":{"m_AlwaysRefresh":false,"showFog":true,"showSkybox":false,"showFlares":true,"showImageEffects":true,"showParticleSystems":true,"showVisualEffectGraphs":true,"m_FxEnabled":true},"in2DMode":false,"pivot":{"x":0.041002750396728519,"y":1.3994834423065186,"z":1.4249229431152344},"rotation":{"x":0.23248083889484406,"y":-0.20248501002788545,"z":0.04955148324370384,"w":0.9499989748001099},"size":4.200016975402832,"orthographic":false}