{"cameraMode":{"drawMode":0,"name":"Shaded","section":"Shading Mode"},"sceneLighting":false,"audioPlay":false,"sceneViewState":{"m_AlwaysRefresh":false,"showFog":true,"showSkybox":false,"showFlares":true,"showImageEffects":true,"showParticleSystems":true,"showVisualEffectGraphs":true,"m_FxEnabled":true},"in2DMode":false,"pivot":{"x":0.0009635239839553833,"y":-0.2818749248981476,"z":2.999746799468994},"rotation":{"x":0.24967491626739503,"y":-0.2631741762161255,"z":0.0707150548696518,"w":0.9291940927505493},"size":3.2565383911132814,"orthographic":true}