{"cameraMode":{"drawMode":0,"name":"Shaded","section":"Shading Mode"},"sceneLighting":false,"audioPlay":false,"sceneViewState":{"m_AlwaysRefresh":false,"showFog":true,"showSkybox":false,"showFlares":true,"showImageEffects":true,"showParticleSystems":true,"showVisualEffectGraphs":true,"m_FxEnabled":true},"in2DMode":false,"pivot":{"x":-0.05146455764770508,"y":-0.06598329544067383,"z":4.400027275085449},"rotation":{"x":0.34403732419013979,"y":-0.27569255232810976,"z":0.10642318427562714,"w":0.891238808631897},"size":11.64322280883789,"orthographic":false}