{"cameraMode":{"drawMode":0,"name":"Shaded","section":"Shading Mode"},"sceneLighting":true,"audioPlay":false,"sceneViewState":{"m_AlwaysRefresh":false,"showFog":true,"showSkybox":true,"showFlares":true,"showImageEffects":true,"showParticleSystems":true,"showVisualEffectGraphs":true,"m_FxEnabled":true},"in2DMode":false,"pivot":{"x":19.639999389648439,"y":21.277141571044923,"z":-16.15999984741211},"rotation":{"x":0.2642821669578552,"y":-0.08377699553966522,"z":0.023050736635923387,"w":0.9605231881141663},"size":16.198434829711915,"orthographic":true}