{"cameraMode":{"drawMode":0,"name":"Shaded","section":"Shading Mode"},"sceneLighting":true,"audioPlay":false,"sceneViewState":{"m_AlwaysRefresh":false,"showFog":true,"showSkybox":true,"showFlares":true,"showImageEffects":true,"showParticleSystems":true,"showVisualEffectGraphs":true,"m_FxEnabled":true},"in2DMode":false,"pivot":{"x":98.56600952148438,"y":47.22125244140625,"z":-129.34140014648438},"rotation":{"x":0.48166248202323916,"y":-0.04859023168683052,"z":0.02675969898700714,"w":0.8746002316474915},"size":91.45249938964844,"orthographic":true}