{"cameraMode":{"drawMode":0,"name":"Shaded","section":"Shading Mode"},"sceneLighting":true,"audioPlay":false,"sceneViewState":{"m_AlwaysRefresh":false,"showFog":true,"showSkybox":true,"showFlares":true,"showImageEffects":true,"showParticleSystems":true,"showVisualEffectGraphs":true,"m_FxEnabled":true},"in2DMode":false,"pivot":{"x":1.7243578433990479,"y":17.870065689086915,"z":-14.959915161132813},"rotation":{"x":0.48968935012817385,"y":-0.11700689792633057,"z":0.06651268899440766,"w":0.8614462614059448},"size":23.64003562927246,"orthographic":true}