{"cameraMode":{"drawMode":0,"name":"Shaded","section":"Shading Mode"},"sceneLighting":true,"audioPlay":false,"sceneViewState":{"m_AlwaysRefresh":false,"showFog":true,"showSkybox":true,"showFlares":true,"showImageEffects":true,"showParticleSystems":true,"showVisualEffectGraphs":true,"m_FxEnabled":true},"in2DMode":false,"pivot":{"x":23.384990692138673,"y":38.93773651123047,"z":-16.52627182006836},"rotation":{"x":0.35788288712501528,"y":0.0014007018180564046,"z":-0.0005368486745283008,"w":0.9337654709815979},"size":74.8036880493164,"orthographic":true}