{"cameraMode":{"drawMode":0,"name":"Shaded","section":"Shading Mode"},"sceneLighting":true,"audioPlay":false,"sceneViewState":{"m_AlwaysRefresh":false,"showFog":true,"showSkybox":true,"showFlares":true,"showImageEffects":true,"showParticleSystems":true,"showVisualEffectGraphs":true,"m_FxEnabled":true},"in2DMode":false,"pivot":{"x":6.508693218231201,"y":19.116065979003908,"z":12.474989891052246},"rotation":{"x":0.5108569860458374,"y":0.023205164819955827,"z":-0.013796495273709298,"w":0.8592415452003479},"size":21.529733657836915,"orthographic":true}