{"cameraMode":{"drawMode":0,"name":"Shaded","section":"Shading Mode"},"sceneLighting":true,"audioPlay":false,"sceneViewState":{"m_AlwaysRefresh":false,"showFog":true,"showSkybox":true,"showFlares":true,"showImageEffects":true,"showParticleSystems":true,"showVisualEffectGraphs":true,"m_FxEnabled":true},"in2DMode":false,"pivot":{"x":-16.469999313354493,"y":20.124296188354493,"z":-32.37874221801758},"rotation":{"x":0.35788288712501528,"y":0.0014007018180564046,"z":-0.0005368486745283008,"w":0.9337654709815979},"size":35.646728515625,"orthographic":true}