{"cameraMode":{"drawMode":0,"name":"Shaded","section":"Shading Mode"},"sceneLighting":true,"audioPlay":false,"sceneViewState":{"m_AlwaysRefresh":false,"showFog":true,"showSkybox":true,"showFlares":true,"showImageEffects":true,"showParticleSystems":true,"showVisualEffectGraphs":true,"m_FxEnabled":true},"in2DMode":false,"pivot":{"x":236.19979858398438,"y":172.67242431640626,"z":83.85684204101563},"rotation":{"x":0.48166248202323916,"y":-0.04859023168683052,"z":0.02675969898700714,"w":0.8746002316474915},"size":444.3957214355469,"orthographic":true}