{"cameraMode":{"drawMode":0,"name":"Shaded","section":"Shading Mode"},"sceneLighting":true,"audioPlay":false,"sceneViewState":{"m_AlwaysRefresh":false,"showFog":true,"showSkybox":true,"showFlares":true,"showImageEffects":true,"showParticleSystems":true,"showVisualEffectGraphs":true,"m_FxEnabled":true},"in2DMode":false,"pivot":{"x":-33.75957489013672,"y":22.933324813842775,"z":1.2927801609039307},"rotation":{"x":0.15173466503620149,"y":-0.7146419286727905,"z":0.16356392204761506,"w":0.6629576086997986},"size":2.800135850906372,"orthographic":true}