{"cameraMode":{"drawMode":0,"name":"Shaded","section":"Shading Mode"},"sceneLighting":false,"audioPlay":false,"sceneViewState":{"m_AlwaysRefresh":false,"showFog":true,"showSkybox":false,"showFlares":true,"showImageEffects":true,"showParticleSystems":true,"showVisualEffectGraphs":true,"m_FxEnabled":true},"in2DMode":false,"pivot":{"x":0.001850128173828125,"y":-0.0051746368408203129,"z":-0.002529621124267578},"rotation":{"x":0.24967491626739503,"y":-0.2631741762161255,"z":0.0707150548696518,"w":0.9291940927505493},"size":5.021021366119385,"orthographic":true}