{"cameraMode":{"drawMode":0,"name":"Shaded","section":"Shading Mode"},"sceneLighting":false,"audioPlay":false,"sceneViewState":{"m_AlwaysRefresh":false,"showFog":true,"showSkybox":false,"showFlares":true,"showImageEffects":true,"showParticleSystems":true,"showVisualEffectGraphs":true,"m_FxEnabled":true},"in2DMode":false,"pivot":{"x":328.0297546386719,"y":164.2664794921875,"z":46.19160461425781},"rotation":{"x":0.2877500653266907,"y":0.011492005549371243,"z":-0.0034534335136413576,"w":0.9576321244239807},"size":314.8418884277344,"orthographic":false}