{"cameraMode":{"drawMode":0,"name":"Shaded","section":"Shading Mode"},"sceneLighting":false,"audioPlay":false,"sceneViewState":{"m_AlwaysRefresh":false,"showFog":true,"showSkybox":false,"showFlares":true,"showImageEffects":true,"showParticleSystems":true,"showVisualEffectGraphs":true,"m_FxEnabled":true},"in2DMode":false,"pivot":{"x":0.4879489541053772,"y":1.6264827251434327,"z":-1.2785651683807374},"rotation":{"x":-0.49007970094680788,"y":-0.20892184972763062,"z":-0.12227102369070053,"w":0.837392270565033},"size":1.5000174045562745,"orthographic":false}