{"cameraMode":{"drawMode":0,"name":"Shaded","section":"Shading Mode"},"sceneLighting":true,"audioPlay":false,"sceneViewState":{"m_AlwaysRefresh":false,"showFog":true,"showSkybox":true,"showFlares":true,"showImageEffects":true,"showParticleSystems":true,"showVisualEffectGraphs":true,"m_FxEnabled":true},"in2DMode":false,"pivot":{"x":10.26644515991211,"y":-15.400156021118164,"z":19.19087028503418},"rotation":{"x":-0.33669769763946535,"y":-0.09665782749652863,"z":0.034769829362630847,"w":-0.9359933137893677},"size":25.202409744262697,"orthographic":false}