{"cameraMode":{"drawMode":0,"name":"Shaded","section":"Shading Mode"},"sceneLighting":false,"audioPlay":false,"sceneViewState":{"m_AlwaysRefresh":false,"showFog":true,"showSkybox":false,"showFlares":true,"showImageEffects":true,"showParticleSystems":true,"showVisualEffectGraphs":true,"m_FxEnabled":true},"in2DMode":false,"pivot":{"x":0.4978008270263672,"y":0.38040876388549807,"z":0.07829475402832031},"rotation":{"x":0.05679059773683548,"y":-0.507355809211731,"z":0.03353417292237282,"w":0.8592098951339722},"size":22.136856079101564,"orthographic":true}