{"cameraMode":{"drawMode":0,"name":"Shaded","section":"Shading Mode"},"sceneLighting":false,"audioPlay":false,"sceneViewState":{"m_AlwaysRefresh":false,"showFog":true,"showSkybox":false,"showFlares":true,"showImageEffects":true,"showParticleSystems":true,"showVisualEffectGraphs":true,"m_FxEnabled":true},"in2DMode":false,"pivot":{"x":-0.028757929801940919,"y":0.8542814254760742,"z":-0.07301127910614014},"rotation":{"x":0.3562906086444855,"y":-0.21575701236724854,"z":0.08492780476808548,"w":0.9051482677459717},"size":2.098581075668335,"orthographic":true}