{"cameraMode":{"drawMode":0,"name":"Shaded","section":"Shading Mode"},"sceneLighting":true,"audioPlay":false,"sceneViewState":{"m_AlwaysRefresh":false,"showFog":true,"showSkybox":false,"showFlares":true,"showImageEffects":true,"showParticleSystems":true,"showVisualEffectGraphs":true,"m_FxEnabled":true},"in2DMode":false,"pivot":{"x":-0.12070655822753906,"y":26.27708625793457,"z":-26.07799530029297},"rotation":{"x":0.3398171663284302,"y":-0.07887225598096848,"z":0.028611747547984124,"w":0.9367448091506958},"size":15.835393905639649,"orthographic":false}