{"cameraMode":{"drawMode":0,"name":"Shaded","section":"Shading Mode"},"sceneLighting":false,"audioPlay":false,"sceneViewState":{"m_AlwaysRefresh":false,"showFog":true,"showSkybox":false,"showFlares":true,"showImageEffects":true,"showParticleSystems":true,"showVisualEffectGraphs":true,"m_FxEnabled":true},"in2DMode":false,"pivot":{"x":-0.16357851028442384,"y":0.4226875305175781,"z":0.4880084991455078},"rotation":{"x":0.24967491626739503,"y":-0.2631741762161255,"z":0.0707150548696518,"w":0.9291940927505493},"size":8.868351936340332,"orthographic":true}