{"cameraMode":{"drawMode":0,"name":"Shaded","section":"Shading Mode"},"sceneLighting":false,"audioPlay":false,"sceneViewState":{"m_AlwaysRefresh":false,"showFog":true,"showSkybox":false,"showFlares":true,"showImageEffects":true,"showParticleSystems":true,"showVisualEffectGraphs":true,"m_FxEnabled":true},"in2DMode":false,"pivot":{"x":-0.0006846785545349121,"y":-0.0006277263164520264,"z":-0.000008404254913330078},"rotation":{"x":0.38154304027557375,"y":-0.24100948870182038,"z":0.10374896973371506,"w":0.8863272070884705},"size":0.25763845443725588,"orthographic":false}