{"cameraMode":{"drawMode":0,"name":"Shaded","section":"Shading Mode"},"sceneLighting":false,"audioPlay":false,"sceneViewState":{"m_AlwaysRefresh":false,"showFog":true,"showSkybox":false,"showFlares":true,"showImageEffects":true,"showParticleSystems":true,"showVisualEffectGraphs":true,"m_FxEnabled":true},"in2DMode":false,"pivot":{"x":0.10055732727050781,"y":0.6730432510375977,"z":5.8816423416137699},"rotation":{"x":0.05679059773683548,"y":-0.507355809211731,"z":0.03353417292237282,"w":0.8592098951339722},"size":15.07546615600586,"orthographic":true}