{"cameraMode":{"drawMode":0,"name":"Shaded","section":"Shading Mode"},"sceneLighting":false,"audioPlay":false,"sceneViewState":{"m_AlwaysRefresh":false,"showFog":true,"showSkybox":false,"showFlares":true,"showImageEffects":true,"showParticleSystems":true,"showVisualEffectGraphs":true,"m_FxEnabled":true},"in2DMode":false,"pivot":{"x":0.1600034236907959,"y":-0.45456743240356448,"z":-0.15838241577148438},"rotation":{"x":0.3947947919368744,"y":-0.2394266277551651,"z":0.10735278576612473,"w":0.8805065155029297},"size":7.2733869552612309,"orthographic":false}