{"cameraMode":{"drawMode":0,"name":"Shaded","section":"Shading Mode"},"sceneLighting":false,"audioPlay":false,"sceneViewState":{"showFog":true,"showMaterialUpdate":false,"showSkybox":false,"showFlares":true,"showImageEffects":true,"showParticleSystems":true},"in2DMode":false,"pivot":{"x":73.79515075683594,"y":114.63799285888672,"z":-123.63733673095703},"rotation":{"x":0.12544138729572297,"y":-0.059488847851753238,"z":0.007535378448665142,"w":0.9902933835983276},"size":2.25,"orthographic":false}