{"cameraMode":{"drawMode":0,"name":"Shaded","section":"Shading Mode"},"sceneLighting":false,"audioPlay":false,"sceneViewState":{"showFog":true,"showMaterialUpdate":false,"showSkybox":false,"showFlares":true,"showImageEffects":true,"showParticleSystems":true},"in2DMode":false,"pivot":{"x":39.14857482910156,"y":118.72650146484375,"z":-85.8907241821289},"rotation":{"x":0.07282374799251557,"y":0.12829522788524629,"z":-0.009446720592677594,"w":0.9890137314796448},"size":2.2688026428222658,"orthographic":false}