{"cameraMode":{"drawMode":0,"name":"Shaded","section":"Shading Mode"},"sceneLighting":false,"audioPlay":false,"sceneViewState":{"showFog":true,"showMaterialUpdate":false,"showSkybox":false,"showFlares":true,"showImageEffects":true,"showParticleSystems":true},"in2DMode":false,"pivot":{"x":31.80000114440918,"y":113.05999755859375,"z":-33.099998474121097},"rotation":{"x":0.40584054589271548,"y":-0.0013709731865674258,"z":0.0006087469519115984,"w":0.9139448404312134},"size":10.0,"orthographic":false}