{"cameraMode":{"drawMode":0,"name":"Shaded","section":"Shading Mode"},"sceneLighting":false,"audioPlay":false,"sceneViewState":{"showFog":true,"showMaterialUpdate":false,"showSkybox":false,"showFlares":true,"showImageEffects":true,"showParticleSystems":true},"in2DMode":false,"pivot":{"x":72.85581970214844,"y":116.24744415283203,"z":-122.14570617675781},"rotation":{"x":0.27893078327178957,"y":-0.12059859931468964,"z":0.03533294424414635,"w":0.9520625472068787},"size":2.5879111289978029,"orthographic":false}