{"cameraMode":{"drawMode":0,"name":"Shaded","section":"Shading Mode"},"sceneLighting":true,"audioPlay":false,"sceneViewState":{"showFog":true,"showMaterialUpdate":false,"showSkybox":true,"showFlares":true,"showImageEffects":true,"showParticleSystems":true},"in2DMode":false,"pivot":{"x":64.12092590332031,"y":56.68412780761719,"z":-51.65325927734375},"rotation":{"x":0.38562026619911196,"y":-0.022140607237815858,"z":0.009256718680262566,"w":0.9223459362983704},"size":100.92400360107422,"orthographic":false}