{"cameraMode":{"drawMode":0,"name":"Shaded","section":"Shading Mode"},"sceneLighting":false,"audioPlay":false,"sceneViewState":{"showFog":true,"showMaterialUpdate":false,"showSkybox":false,"showFlares":true,"showImageEffects":true,"showParticleSystems":true},"in2DMode":false,"pivot":{"x":43.62955093383789,"y":118.41993713378906,"z":-85.53677368164063},"rotation":{"x":-0.12842226028442384,"y":-0.05947990342974663,"z":-0.007661616429686546,"w":0.989976167678833},"size":55.228370666503909,"orthographic":true}