{"cameraMode":{"drawMode":0,"name":"Shaded","section":"Shading Mode"},"sceneLighting":false,"audioPlay":false,"sceneViewState":{"m_AlwaysRefresh":false,"showFog":true,"showSkybox":false,"showFlares":true,"showImageEffects":true,"showParticleSystems":true,"showVisualEffectGraphs":true,"m_FxEnabled":true},"in2DMode":false,"pivot":{"x":300.30926513671877,"y":196.72067260742188,"z":23.962566375732423},"rotation":{"x":0.3329829275608063,"y":-0.046649228781461719,"z":0.016495849937200547,"w":0.9416356086730957},"size":76.89691162109375,"orthographic":false}