{"cameraMode":{"drawMode":0,"name":"Shaded","section":"Shading Mode"},"sceneLighting":false,"audioPlay":false,"sceneViewState":{"m_AlwaysRefresh":false,"showFog":true,"showSkybox":false,"showFlares":true,"showImageEffects":true,"showParticleSystems":true,"showVisualEffectGraphs":true,"m_FxEnabled":true},"in2DMode":false,"pivot":{"x":0.023157242685556413,"y":-0.00016722828149795532,"z":-0.0003223121166229248},"rotation":{"x":0.24967491626739503,"y":-0.2631741762161255,"z":0.0707150548696518,"w":0.9291940927505493},"size":0.21461591124534608,"orthographic":true}