{"cameraMode":{"drawMode":0,"name":"Shaded","section":"Shading Mode"},"sceneLighting":false,"audioPlay":false,"sceneViewState":{"m_AlwaysRefresh":false,"showFog":true,"showSkybox":false,"showFlares":true,"showImageEffects":true,"showParticleSystems":true,"showVisualEffectGraphs":true,"m_FxEnabled":true},"in2DMode":false,"pivot":{"x":0.0016756057739257813,"y":-0.000492095947265625,"z":0.0010480880737304688},"rotation":{"x":0.34403732419013979,"y":-0.27569255232810976,"z":0.10642318427562714,"w":0.891238808631897},"size":9.157434463500977,"orthographic":false}