{"cameraMode":{"drawMode":0,"name":"Shaded","section":"Shading Mode"},"sceneLighting":false,"audioPlay":false,"sceneViewState":{"m_AlwaysRefresh":false,"showFog":true,"showSkybox":false,"showFlares":true,"showImageEffects":true,"showParticleSystems":true,"showVisualEffectGraphs":true,"m_FxEnabled":true},"in2DMode":false,"pivot":{"x":465.6981201171875,"y":237.50210571289063,"z":37.64733123779297},"rotation":{"x":0.28336599469184878,"y":-0.024451641365885736,"z":0.007227109279483557,"w":0.9586746096611023},"size":204.712646484375,"orthographic":false}