{"cameraMode":{"drawMode":0,"name":"Shaded","section":"Shading Mode"},"sceneLighting":false,"audioPlay":false,"sceneViewState":{"m_AlwaysRefresh":false,"showFog":true,"showSkybox":false,"showFlares":true,"showImageEffects":true,"showParticleSystems":true,"showVisualEffectGraphs":true,"m_FxEnabled":true},"in2DMode":false,"pivot":{"x":0.3455638885498047,"y":0.2893998622894287,"z":-0.014942646026611328},"rotation":{"x":0.18523558974266053,"y":-0.46005162596702578,"z":0.09877832233905792,"w":0.8627193570137024},"size":2.345414400100708,"orthographic":true}